Date,Station,Sample#,depth,Cyanobacteria,Hapto,Prasinophytes-3,Cryptophytes,Dinoflagellates-1,Dictyo,Diatoms-1
1/16/2019,QU39,QX8355,5,0,0.027655823,0.201853059,0.193443013,0.111514126,0.185422942,0
1/23/2019,QU39,QX8361,5,0,0.018223736,0.130208361,0.065779346,0.079248628,0.115545655,0
1/29/2019,QU39,QX8366,5,0,0.023950528,0.189486218,0.129353606,0.095112948,0.141997029,0
2/5/2019,QU39,QX8371,5,0.00419213,0.000226342,0.04901002,0.106774013,0.000198158,0.022988357,0.270195762
2/5/2019,QU39,QX8375,5,0.003627251,0.009983238,0.042353974,0.099593267,0.014273673,0.020042913,0.213519452
2/5/2019,QU39,QX8376,5,0.004862284,0.011666968,0.055293175,0.139777131,7.2123E-05,0.027616762,0.285729537
2/12/2019,QU39,QX8382,5,0.000352533,0.033020614,0.178387331,0.240898562,0.114262562,0.22113725,0.018425009
2/21/2019,QU39,QX8392,5,0,0.024697853,0.22934856,0.366996547,0.105292168,0.223474858,0.020786087
2/26/2019,QU39,QX8387,5,0,0.035915165,0.186557099,0.289678037,0.105810456,0.268277032,0.047508559
3/5/2019,QU39,QX8400,5,0,0.051370151,0.305753589,0.440451433,0.132042881,0.279443135,0.000895691
3/12/2019,QU39,QX8403,5,8.95146E-06,0.006802631,0.002437118,0.314564663,0.005552283,0.018346707,8.017034849
3/20/2019,QU39,QX8405,5,0,0.000500557,0.051738254,0.213184374,0.000504566,0.007204737,2.305151105
3/27/2019,QU39,QX8409,5,0,0,0,0.273297588,0.000129922,0,10.67042494
4/2/2019,QU39,QX8413,5,0,0.141546148,0.001027702,0.137866055,0,0.298454002,0.002536928
4/10/2019,QU39,QX8418,5,0,0.165928548,0.070679989,0.050285286,0.079246249,0.174093386,0.213929382
5/2/2019,QU39,QX8424,5,0,0.615777304,0.347044696,0.964910378,0.808837255,0.754232844,1.09709242
5/9/2019,QU39,QX8429,5,0.073840005,0.060765627,0.39676325,0.489534805,0.229667597,0,2.574678381
5/22/2019,QU39,QX8434,5,0.010781968,0.146588576,0,0.090682253,0.078139166,0.092456648,0
5/29/2019,QU39,QX8439,5,0.071674514,1.210841616,0.30516127,1.439513882,0.445673476,0,1.216132551
6/4/2019,QU39,QX8449,5,0.237308141,0.090452835,1.69587177,0.357075964,0,0.196853052,0.181884097
6/20/2019,QU39,QX8460,5,0.077093363,0.05007882,0.377424652,0.355694721,0.09023935,0,0.219621191
6/25/2019,QU39,QX8457,5,0.358283763,0.33607776,0.953939458,2.03156054,0.707154572,0.861817708,0.673011909
7/3/2019,QU39,QX8468,5,0.168711049,0.270967156,0.310335279,0.351456583,0,0.623286178,0
7/9/2019,QU39,QX8471,5,0.325491707,0.055357393,0.34180524,0.428969234,0.133047618,0.145898809,0
7/18/2019,QU39,QX8474,5,0.434540903,0.08890828,0.895774156,0.998159558,0.126274388,0.162669336,0
7/24/2019,QU39,QX8479,5,0.714323153,0.064974291,1.873166223,0.563389843,0.112603166,0.236399924,0.048813994
7/30/2019,QU39,QX8484,5,0.05811705,0.05702245,0.386692951,0.215535082,0.170548335,0.19238243,0
8/7/2019,QU39,QX8490,5,1.351996303,0.050214789,1.041794429,0.691084464,0.173991017,0.141107368,0
8/15/2019,QU39,QX8493,5,0.377653768,0.063578523,0.433828915,0.466866697,0.108977612,0.160058446,0
8/20/2019,QU39,QX8498,5,0.700250904,0.105722024,1.014419278,1.191008627,0.197487687,0.220269168,0.012331875
8/29/2019,QU39,QX8503,5,0.202494924,0.042734674,0.528515066,0.445580795,0.11004754,0.18732732,0.164562898
9/4/2019,QU39,QX8508,5,0.594914446,0.151465577,0.681676914,0.881704301,0.264772212,0.415016487,0.902224352
9/19/2019,QU39,QX8513,5,0.147724591,0.047951212,0.422045444,0.461378957,0.12170243,0.232959107,0.166187892
9/24/2019,QU39,QX8517,5,0.362635935,0.07659075,1.139315744,0.336349537,0,0.263369866,0.694822033
10/9/2019,QU39,QX8521,5,0.263066168,0.042365377,0.391964113,0.394738341,0.087928793,0.174795203,0.049656199
10/18/2019,QU39,QX8526,5,0.139304904,0.044781153,0.323631277,0.133752201,0.097963337,0,0.231735212
10/30/2019,QU39,QX8529,5,0.072131099,0.050380925,0.402896156,0.294529279,0.133305561,0.163673632,0.326176887
11/5/2019,QU39,QX8535,5,0.38211151,0.09839631,0.765892287,0.546910216,0.126357234,0.129217863,0.366992819
11/13/2019,QU39,QX8538,5,0.211980807,0.056622304,0.519698838,0.435463235,0,0,0.509869918
11/20/2019,QU39,QX8543,5,0.073339729,0.029525204,0.26464507,0.1638959,0.105362983,0,0.164364922
11/26/2019,QU39,QX8546,5,0.04620392,0.023318478,0.347763201,0.259417246,0.089981193,0.153527205,0.035209826
12/3/2019,QU39,QX8552,5,0.012733977,0.014452768,0.335392028,0.153221396,0.097727127,0.168218243,0.140282766
1/8/2020,QU39,QX8555,5,0,0.014077848,0.088913821,0.083321564,0.057506687,0.090641949,0.000436584
1/28/2020,QU39,QX8560,5,0.000903221,0.014508399,0.099143756,0.060701319,0.060936222,0.074631091,0.001451827
2/5/2020,QU39,QX8566,5,0.002321029,0.010311274,0.094053564,0.045121442,0.057354664,0.07992963,0.002791921
2/18/2020,QU39,QX8574,5,0.006457356,0.018875544,0.166014167,0.275346041,0.089066594,0.081980907,0
2/26/2020,QU39,QX8571,5,0.01767671,0.02566342,0.210672798,0.272398417,0.08261332,0.129358074,0.004937138
3/6/2020,QU39,QX8580,5,0.015873413,0.01456666,0.134837734,0.185372055,0.078371962,0.15494702,0.055001158
3/12/2020,QU39,QX8585,5,0.002106792,0,0.043561023,0,0.038643371,0.045243707,0
3/18/2020,QU39,QX8588,5,0.021905439,2.60757E-05,0.054367218,0.283158729,0.228988871,0.383238489,5.227079074
4/29/2020,QU39,QX8593,5,0.000842948,0,0.082645137,0.040839554,0.156054109,0.373748203,1.722886542
5/14/2020,QU39,QX8597,5,0.017628031,0,0.534962634,0.574836135,0.368250748,0.351030449,2.549466451
5/26/2020,QU39,QX8702,5,0.022156693,0.105976916,0.191266703,0.531281208,0.082694951,0.226114673,0.003555079
6/4/2020,QU39,QX8705,5,0.100429729,0.064987274,0.281004439,0.752394229,0.226591259,0.276815541,0.081818404
6/11/2020,QU39,QX8708,5,0.08904012,0.012893852,0.092603281,0.231271913,0.080357765,0.132089191,0.091108014
6/17/2020,QU39,QX8713,5,0.316630465,0.018071453,0.358938406,0.259786882,0.097268817,0.256598684,0.233369974
6/25/2020,QU39,QX8715,5,0.375346084,0.018796872,0.235737781,0.247606419,0.103073283,0.082931833,0
6/30/2020,QU39,QX8721,5,0.090978547,0.000387835,0.247499059,0.200695589,0.218428679,0.278578453,4.160402457
7/9/2020,QU39,QX8724,5,0.03645401,0.040886997,0.131671303,0.329469572,0.10380287,0.130398937,0.103306891
7/15/2020,QU39,QX8729,5,0.032021723,0.265535367,0.527306055,0.658077786,0.1909102,0.061974779,0.169695827
7/22/2020,QU39,QX8732,5,0.070886942,0.03127229,0.609756281,0.272574234,0.090067143,0.091442319,0.014550743
7/29/2020,QU39,QX8737,5,0.099857368,0.00076279,0.163785959,0.116214244,0.139359333,0.001886802,1.386478901
8/4/2020,QU39,QX8740,5,0.276157235,0.04531119,0.283932924,0.232900369,0.082838956,0.119152409,0
8/13/2020,QU39,QX8744,5,0.024646136,0.020884743,0.292559281,0.135744729,0.06704883,0.125679488,0
8/19/2020,QU39,QX8748,5,0.039506597,0.066236348,0.167568815,0.054883014,0.109929101,0.20530388,0.094288806
8/26/2020,QU39,QX8753,5,0.055780948,0.034179968,0.219987676,0.246361189,0.132729738,0.158666628,0.282718326
9/1/2020,QU39,QX8756,5,0.045259792,0.073668784,0.394217561,0.281908999,0.151823421,0.254463576,0.877071857
9/10/2020,QU39,QX8762,5,0.072623796,0.077113799,0.092387774,0.039477366,0.156114017,0.220977257,0.45554924
9/16/2020,QU39,QX8764,5,0.120380507,0.093499343,0.171294309,0.193279552,0.088247658,0.109265205,0
9/22/2020,QU39,QX8769,5,0.427390337,0.080354774,0.460553755,0.520996849,6.64865E-05,0.20403898,0.00546642
9/29/2020,QU39,QX8772,5,0.112686666,0.023463381,0.241236875,0.313729212,0,0.099695417,0.015206332
10/8/2020,QU39,QX8777,5,0.048698817,0.069801653,0.263464888,0.173476681,0.083857479,0.141375454,0.000948631
10/14/2020,QU39,QX8780,5,0.031179324,0.044545403,0.112207862,0.050421946,0.058828117,0.104673065,0
10/20/2020,QU39,QX8785,5,0.02294717,0.018453225,0.215015113,0.128206218,0.063713848,0.100706986,0.000876084
10/30/2020,QU39,QX8788,5,0.030206361,0.019978693,0.156297947,0.041275056,0,0.10508878,0.000166922
11/5/2020,QU39,QX8793,5,0.058913198,0.029286085,0.223491346,0.174070992,0.06051554,0.116066616,0.059402436
11/10/2020,QU39,QX8796,5,0.004350205,0.008808163,0.106123631,0.067337077,0.049506028,0.091263464,0.003505369
11/19/2020,QU39,QX8801,5,0.002961083,0.009425734,0.072442292,0.050932328,0.044293081,0.070029057,0
12/1/2020,QU39,QX8804,5,0.005485003,0.011319968,0.085229268,0.073064989,0.052047508,0.084860941,0
12/8/2020,QU39,QX8809,5,0.000124829,0,0.054361903,0,0.035820065,0.053496756,0
12/17/2020,QU39,QX8814,5,0.001091118,0,0.077099259,0.029919702,0.040453398,0.072835919,0
1/6/2021,QU39,QX8819,5,0.01199256,0,0.100553729,0.081956377,0.0027219,0.141136621,0
1/13/2021,QU39,QX8822,5,0.014470154,0,0.108455878,0.10099182,0.003738412,0.161945621,0
1/20/2021,QU39,QX8825,5,0.008627493,0,0.228675698,0.34217685,0.055139417,0.001115936,0.244959469
2/4/2021,QU39,QX8833,5,0.012620256,0,0.116731875,0.126817876,0.005414673,0.171017018,0
2/10/2021,QU39,QX8838,5,0.020649008,0,0.155753605,0.166338349,0.020999715,0.227032788,0.4407015
2/19/2021,QU39,QX8841,5,0.029471708,0.000251019,0.033254048,0.160784063,0.026231427,0.006163408,0.536655019
2/23/2021,QU39,QX8849,5,0.039504273,0.003758702,0.05495338,0.525390958,0.330904995,0.053594146,7.072865248
3/9/2021,QU39,QX8852,5,0.018845943,0.044677042,0.165136814,0.318321357,0.025567955,0,0.227820637
3/16/2021,QU39,QX8857,5,0.026959534,0,0.164419631,0.154314051,0.010551473,0,0.114151994
3/26/2021,QU39,QX8865,5,0.043444785,0.002216975,0.01620593,0.384925649,0.008335157,0.039386556,7.906544924
3/30/2021,QU39,QX8868,5,0.05162143,0.002921407,0.054181431,0.523342346,0.005535114,0.047838561,9.748315811
4/5/2021,QU39,QX8873,5,0.077453295,0.004530743,0.091236172,0.115807652,0.007240846,0.09285885,20.79979738
4/14/2021,QU39,QX8876,5,0.0883691,0.000402846,0.000828983,0.010420692,0.183770133,0.008361287,3.786598961
4/19/2021,QU39,QX8884,5,0.037118477,0,0.00773398,0.118426344,0.061599585,0,0.507729232
4/26/2021,QU39,QX8894,5,0.043691539,0,0.003789423,0.292879576,0.054292519,0,7.025040785
5/4/2021,QU39,QX8887,5,0.034248633,0.045996976,0.133136234,0.157968653,0.056055209,0.311468765,0.218729171
5/28/2021,QU39,QX8903,5,0.039717798,0.000319606,0.027740912,0.37902313,0.261618448,0.001893485,3.914969881
6/1/2021,QU39,QX8908,5,0.030440833,0.092923727,0.014367793,0.147601366,0.077471811,0,0.766637395
6/9/2021,QU39,QX8911,5,0.014567008,0.257155677,0.395646205,0.796666245,0.051345435,0,0.799022506
6/15/2021,QU39,QX8919,5,0.073131774,0.09056419,0.357324466,0.900135716,0.29931353,0,0.991065969
6/22/2021,QU39,QX8922,5,0.380975102,0.301269313,0.43248798,1.052377343,0.043964959,0,0.629404187
6/28/2021,QU39,QX8930,5,0.298358296,0.169291638,0.139429811,0.464499553,0.268207436,0,4.647696733
7/6/2021,QU39,QX8933,5,0.0441704,0.002530599,0.055855763,0.472401296,0.232977112,0.013829404,3.1836013
7/20/2021,QU39,QX8938,5,0.182546635,0.033584851,0.168552396,0.280251389,0.055694743,0,0.066680049
7/27/2021,QU39,QX8949,5,0.068863828,0.084777153,0.560289388,0.78339385,0.193618427,0,1.316872974
8/3/2021,QU39,QX8952,5,0.042540344,0.001763998,0.319512943,0.792270412,0.184593874,0.004342993,2.612611771
8/10/2021,QU39,QX8957,5,0.041974549,0.305711508,0.334010681,0.626799822,0.306717624,0.782991161,1.803376178
8/17/2021,QU39,QX8960,5,0.034477751,0.001700557,0.039819584,0.414752771,0.311060299,0.01531128,3.882879893
8/24/2021,QU39,QX8965,5,0.032280044,0.020532899,0.009761428,0.829492321,0.036309448,0.077441311,12.5692242
9/2/2021,QU39,QX8971,5,0.038720331,0.105785043,0.021945215,0.192465397,0.024943911,0,1.028384984
9/8/2021,QU39,QX8976,5,0.112104582,0.289643427,1.040822685,0.833223472,0.081224721,0,1.114162644
9/21/2021,QU39,QX8979,5,0.134246697,0.097944571,0.410073449,0.901016325,0.045729271,0,0.125844835
9/28/2021,QU39,QX8989,5,0.162715891,0.205778122,0.923756063,1.230248173,0.026464108,0,0.446221307
10/5/2021,QU39,QX8992,5,0.118332457,0.139763591,0.504238943,0.763673862,0.051872447,0,0.368556999
10/19/2021,QU39,QX8995,5,0.077528348,0.064155895,0.349773029,0.50828895,0.032987746,0,0.153435918
10/28/2021,QU39,QX9408,5,0.04199916,0.040738394,0.311108182,0.362631743,0.014926067,0,0.094469534
11/10/2021,QU39,QX9413,5,0.021604581,0.034292382,0.222439441,0.35088338,0.031004347,0,0.10712
11/17/2021,QU39,QX9418,5,0.016058944,0.021266158,0.20272025,0.255198392,0.039486938,0.214582177,0
11/26/2021,QU39,QX9424,5,0.011490501,0.020968911,0.147872657,0.098519243,0.016378779,0.166592953,0
11/29/2021,QU39,QX9429,5,0.01130464,0,0.078982602,0.102924085,0.004373744,0.088849343,0
12/8/2021,QU39,QX9432,5,0.009235546,0,0.149321896,0.171280776,0.030841956,0.179248966,0
12/14/2021,QU39,QX9440,5,0.006695433,0,0.168104202,0.117762813,0.013960257,0.181655822,0
1/5/2022,QU39,QX9443,5,0.000127508,0,0.065753338,0.144771834,0,0.034370773,0.084882139
1/17/2022,QU39,QX9451,5,0,0,0.092559949,0.19604109,0,0.040234642,0.130206351
1/24/2022,QU39,QX9448,5,0,0,0.119522884,0.18767002,0,0.038553567,0.140500002
2/1/2022,QU39,QX9459,5,0,0.00193386,0.056260919,0.166903285,0.001895249,0.019867222,0.425496608
2/8/2022,QU39,QX9464,5,0,1.79123E-05,0.144499217,0.209825034,1.59019E-05,0.001695279,0.173922104
2/18/2022,QU39,QX9467,5,0.004159692,0.020291892,0.060485066,0.469946826,0.018741877,0.127176618,8.001089811
2/24/2022,QU39,QX9472,5,0.0035116,0.005675782,0.06383272,0.234585027,0.143022828,0.046771691,3.082273006
3/3/2022,QU39,QX9475,5,0.005560805,0.008664347,0.028824984,0.384774561,0.094155787,0.07216234,3.461198568
3/8/2022,QU39,QX9480,5,0.003232331,0.259615235,0.021349095,0.27400316,0.135400727,0,2.686753114
3/15/2022,QU39,QX9483,5,0.000481953,0.010514301,0.001160406,0.068218131,7.64774E-05,0.000953618,0.256067698
3/24/2022,QU39,QX9488,5,9.57668E-05,8.57909E-06,8.46483E-05,0.045774163,0,0.000805937,0.083165618
3/29/2022,QU39,QX9491,5,0.000280388,0.022402308,0.000229775,0.038382243,0,0.045635482,0.103900257
4/7/2022,QU39,QX9496,5,0,0.068139382,0.242117807,0.336570775,0.081560235,0.369500726,0.757318447
4/13/2022,QU39,QX9499,5,0,0.108191834,0.239262506,0.794571102,0.572596778,0.382912214,1.123232365
4/21/2022,QU39,QX9504,5,0.010318371,0.001061037,0.022324409,0.256172054,0.13273706,0.033575765,3.42194438
4/26/2022,QU39,QX9819,5,0.011541034,0.000420687,0.002228769,0.186748803,0.09180533,0.021262861,2.311077396
5/3/2022,QU39,QX9824,5,0.011342435,0.022265433,0.000678889,0.083433972,0.017408628,0.001031427,0.706622044
5/10/2022,QU39,QX9827,5,0.007505067,0.029837565,0.000237624,0.087577755,0.013159092,0.114285835,0.121095452
5/17/2022,QU39,QX9832,5,0.010009195,0.01509147,0.000495122,0.265139461,0.011678,0.106363684,0.539798846
5/24/2022,QU39,QX9835,5,0.012293986,0.00052376,0.241358678,0.424612517,0.088168509,0.025474575,2.770757953
5/31/2022,QU39,QX9840,5,0.016209811,0.000181178,0.069748377,0.638637503,0.019447826,0.009689902,0.867782652
6/7/2022,QU39,QX9843,5,0.004262527,0.268851141,0.115693387,0.460829794,0.098819508,0.314958865,0.059092539
6/15/2022,QU39,QX9848,5,0.024063441,0.167582514,0.491716519,0.8029643,0.107014515,0,0.886541446
6/22/2022,QU39,QX9852,5,0.025177438,0.079069329,0.156245631,0.456881901,0.033852126,0.084796396,0.306020781
6/30/2022,QU39,QX9856,5,0.272950895,0.235822422,0.268806018,0.344113777,0.032912548,0.077192271,0.431209356
7/6/2022,QU39,QX9859,5,0.146619461,0.076197741,0.371176089,0.43840152,0.01491315,0,0.664444377
7/12/2022,QU39,QX9864,5,0.261322158,0.192534765,0.397111148,0.227772921,0,0,0.254935284
7/19/2022,QU39,QX9867,5,0.373672381,0.594980945,0.377615501,0.580791354,0.014727978,0,0.56801558
7/26/2022,QU39,QX9873,5,0.097304508,2.5884E-05,0.217812486,0.332852299,0.038288042,0.002191561,0.649222851
8/2/2022,QU39,QX9875,5,0.113092337,2.33918E-05,0.529224212,0.630946696,0.163316836,0.001691005,1.145708422
8/8/2022,QU39,QX9880,5,0.021473285,0.000284804,0.15039363,0.491296306,0.035617083,0.013029534,1.457776825
8/16/2022,QU39,QX9883,5,0.143691089,0.083667519,0.288972626,0.464196483,0.112265789,0.308781286,0.219828568
8/23/2022,QU39,QX9888,5,0.034962246,0.027554215,0.280409783,0.537929689,0.032701199,0,0.316064934
8/30/2022,QU39,QX9891,5,0.053734796,9.75558E-05,0.825419714,0.465416431,0.018899188,0.006212332,0.754400462
9/13/2022,QU39,QX9896,5,0.009246775,0.064024666,0.364268194,0.504738515,0.034443026,0,0.576060414
9/20/2022,QU39,QX9901,5,0.01925349,0.021824141,0.020108556,0.298124284,0.055614695,0,3.871231159
9/27/2022,QU39,QX9904,5,0.08375009,0.359234179,0.684935421,0.746816039,0,0.025640933,0.253592627
10/4/2022,QU39,QX9909,5,0.221330849,0.357822294,0.86472702,0.825957855,0.046118501,0,0.35286958
10/11/2022,QU39,QX9912,5,0.016426471,0.038565525,0.097352191,0.445510735,0.039047843,0.024178528,1.666853368
10/18/2022,QU39,QX9917,5,0.028048483,0.23354997,0.322275246,0.625697404,0.050068001,0.159920687,0.506138315
10/26/2022,QU39,QX9920,5,0.013780849,0.17823685,0.073943094,0.470046336,0.105095945,0.000205971,1.29681917
11/1/2022,QU39,QX9925,5,0.017379565,0,0.148700076,0.282296841,0.011104302,0.002055646,0.210578546
11/9/2022,QU39,QX9928,5,0.00022065,0.023119685,0.06701015,0.143040799,0.015554771,0.000277638,0.203788032
11/15/2022,QU39,QX9933,5,0,0,0.129380406,0.193388628,0.017687088,0.005492904,0.325457846
11/23/2022,QU39,QX9939,5,0,0.004376064,0.174003616,0.410589777,0.043043189,0.038924636,1.803908328
11/28/2022,QU39,QX9936,5,0.004485359,0.011915071,0.044769629,0.129216678,0.007411992,0.0030372,0.227725409
12/6/2022,QU39,QX9944,5,0.002830859,0.005647929,0.039353384,0.107855593,0.010827422,0.035624946,0.231092495
12/13/2022,QU39,QX9949,5,0.003713953,0.030041824,0.044850368,0.126054664,0.009297241,0.052840358,0.209729284
1/4/2023,QU39,QX9952,5,0.001460779,0.028851684,0.043491116,0.166880891,0.019303055,0.051551862,0.180936908
1/19/2023,QU39,QX9960,5,0.000723041,0.053390361,0.043663653,0.20538348,0.033000246,0.051036177,0.165087156
1/25/2023,QU39,QX9957,5,0.001058029,0.017599151,0.055967505,0.100763385,0.011263053,0.044206981,0.195437501
1/30/2023,QU39,QX9965,5,0.002873053,0.035182067,0.084623401,0.227828751,0.024924541,0.053304535,0.275672595
2/8/2023,QU39,QX9970,5,0.00486404,0.020877308,0.055623215,0.195515037,0.024275888,0.061417657,0.159458001
2/15/2023,QU39,QX9973,5,0.005236989,0.031789369,0.088572132,0.244315878,0.025299035,0.060644216,0.248314925
2/23/2023,QU39,QX9978,5,0.004782447,4.91919E-05,0.029289199,0.084454497,0.007359667,0.001469647,0.106504389
2/28/2023,QU39,QX9981,5,0.014898859,0.053019845,0.085883265,0.432130123,0.069522737,0.133541938,0.274584711
3/8/2023,QU39,QX9986,5,0.021394576,0.057765933,0.105898404,0.344673668,0.042991287,0.224900884,0.36112687
3/13/2023,QU39,QX9989,5,0.017398425,0.042301378,0.077299815,0.391997283,0.024990237,0.110563402,0.427129144
3/21/2023,QU39,QX9994,5,0.000681226,0.032705387,0.016723915,0.300811092,0.028823853,0.085755039,9.539870421
3/21/2023,QU39,QX9994,5,0,0.00075656,0.0270415,0.16588788,0.010304832,0,9.801380157
3/30/2023,QU39,QX9997,5,0,0.000409265,0,0.093785723,0.046013612,0,7.41315039
4/4/2023,QU39,QX10509,5,0.064526433,0.006664425,0.040317159,0.271180719,0.165994073,0.382625448,14.73060274
4/11/2023,QU39,QX10512,5,0.002827038,0.000252007,0.000405378,0.095259515,0.001580757,0.004021255,0.765463322
4/21/2023,QU39,QX10516,5,0.000756248,0.023036788,0.007321036,0.08268089,0,0,0.415156022
4/25/2023,QU39,QX10519,5,0.002541763,0.01704779,0.004432357,0.078151142,0.003720937,0.012480765,0.134345454
5/2/2023,QU39,QX10523,5,0,0.015144231,0.222548917,0.251114234,0.174817751,0.12497525,3.163697322
5/9/2023,QU39,QX10526,5,0.032379416,0.147843443,0.076342925,0.506741345,0.16445904,0.372363071,2.2867347
5/16/2023,QU39,QX10530,5,0.052300051,0.032557892,0.031257493,0.158308372,0.035676615,0,0.621675978
5/23/2023,QU39,QX10533,5,0.002250778,0.000396218,0.023143239,0.244927513,0.014431831,0,4.26324741
5/30/2023,QU39,QX10537,5,0.000993791,0,0.08898369,0.150532578,0.000250061,0,4.205680132
6/15/2023,QU39,QX10544,5,0.014501509,0.039848444,0.011331428,0.125753654,2.24271E-05,0,0.805636038
6/20/2023,QU39,QX10547,5,0.097548296,0.080871585,0.299295815,0.689195355,0.290161903,0,4.361348867
6/27/2023,QU39,QX10551,5,0.124292597,0.263465752,0.023538113,0.271962769,0.000243461,0.578355422,0.058801021
7/4/2023,QU39,QX10554,5,0.107969766,0.208550724,0.107572772,0.416410247,0.040203659,0.404521172,0.377990872
7/11/2023,QU39,QX10558,5,0.242091199,0.124539573,0.175447563,0.412401358,0.015917547,0.057519397,0.137006087
7/18/2023,QU39,QX10561,5,0.054075786,0.056123344,0.054655274,0.233134362,0.010599066,0.165777894,0.056275014
7/26/2023,QU39,QX10565,5,0.019387167,0.111554471,0.008338487,0.095761566,0.839317471,1.665187895,0
8/1/2023,QU39,QX10568,5,0.270059144,0.157404857,0.475461592,0.39342009,0.022998304,0.28489883,0.481472249
8/8/2023,QU39,QX10572,5,0.120848386,0.200461201,0.463191013,0.456102838,0.072652622,0,2.340853214
8/15/2023,QU39,QX10575,5,0.058663088,0.122451495,0.483869746,0.426712791,0.053624135,0,1.450600684
8/22/2023,QU39,QX10579,5,0.006584436,0.058413327,0.684381912,0.653826048,0.04171473,0.136190979,1.699938099
8/29/2023,QU39,QX10582,5,0.129527929,0.200134171,0.305913498,0.453714838,0.059841464,0.040565628,0.774008016
9/5/2023,QU39,QX10586,5,0.036569509,0.097370846,0.042459781,0.232574388,0.05367509,0.003401043,6.756280184
9/14/2023,QU39,QX10589,5,0.28945077,0.337400585,0.255163881,0.641944617,0.041876883,0.016632013,0.432113945
9/20/2023,QU39,QX10593,5,0.082615444,0.346546724,0.765987128,1.105040212,0.05469134,0.069579868,1.224913994
9/27/2023,QU39,QX10596,5,0.055199968,0.057015567,0.272105547,0.452099239,0.040988755,0,0.283546376
10/3/2023,QU39,QX10600,5,0.077503808,0.021693558,0.307111263,0.634900868,0.044464,0.065417438,0.306468221
10/12/2023,QU39,QX10603,5,0.062609085,0.035871085,0.128777998,0.743950496,0.03661736,0.033885578,1.840225359
10/26/2023,QU39,QX10612,5,0.004121734,0.023456044,0.151560148,0.194485729,0.042812862,0.039942675,0.209568898
10/31/2023,QU39,QX10609,5,0.001791571,0.0483858,0.311407944,0.550095091,0.158269418,0.206863508,0.7231312
11/7/2023,QU39,QX10616,5,0.00475192,0.038739185,0.209657396,0.441281383,0.030786702,0.097011723,0.34934334
11/15/2023,QU39,QX10620,5,0.001582023,0.029515267,0.072298937,0.220723704,0.012232366,0.079813953,0.124456465
11/22/2023,QU39,QX10624,5,0.000305877,0.011694793,0.160046476,0.269216458,0.014818988,0.100879842,0.252157047
11/28/2023,QU39,QX10627,5,0.000400723,0.01659564,0.215988114,0.233611119,0.016380196,0.093622452,0.248253626
2/18/2015,QU24,QF204,5,0.014244224,0.009814784,0.117415642,0.117350089,0.026156036,0.009106515,0.201708496
2/24/2015,QU24,,5,0,0,0,0,0,0,12.4
3/13/2015,QU24,QF265,5,0,5.61E-05,0.020250083,0.013068048,0.000119555,0.006146001,2.481762608
3/24/2015,QU39,QF441,5,0,0.000637622,0.002906266,0.016090428,0.056779951,0.025004921,0.902140766
3/31/2015,QU39,QX2,5,7.73E-05,0.007362635,9.76E-05,0.047335315,0,0.005031876,0.173044398
4/6/2015,QU39,QX11,5,0.003254996,0.053633108,0.027434544,0.072758667,0.026988939,0.061708358,0.911970218
4/14/2015,QU39,QX18,5,0.000132212,0.036216904,0.012270707,0.059887789,0.083585837,0.013245181,1.813793083
4/22/2015,QU39,QX75,5,0.003615157,0,0.059392009,0.088108999,0.00505817,0.268411373,4.868239959
5/1/2015,QU39,QX20,5,0.011518321,0,0.047407931,0.084549338,0.222515114,0.127947537,4.100529353
5/5/2015,QU39,QX28,5,0.017936995,0,0.017933057,0.09357791,0.123775269,0.090443863,1.631588896
5/13/2015,QU39,QX82,5,0.005219832,0.055980338,0.024149851,0.032925996,0.045561454,0.038821307,0.529291272
5/21/2015,QU39,QX41,5,0.002118488,0.079095008,0.043320012,0.052242962,0.044294891,0.096137429,0.216671154
5/26/2015,QU39,QX86,5,0.007018259,0.01346689,0.025243169,0.032053368,0.009672199,0.006457321,0.154822069
6/3/2015,QU39,QX51,5,0.026365381,0.029990114,0.053267942,0.116056748,0.026106826,0.019275756,0.219745522
6/15/2015,QU39,QX48,5,0.009817565,0.02133176,0.122509973,0.084889468,0.031022042,0.010550346,0.540267448
6/24/2015,QU39,QX59,5,0.004921138,0.060614958,0.017550465,0.016523431,0.00918179,0,0.073507324
6/30/2015,QU39,QX63,5,0.031562954,0.062295225,0.073621197,0.104844349,0.005215378,0.0006782,0.065658312
7/7/2015,QU39,QX88,5,0.009307651,0.04526062,0.293114523,0.145273015,0.0168658,0.002815554,0.148459519
7/28/2015,QU39,QX94,5,0.195566684,0.107743856,0.230465191,0.211109551,0.072093784,0.12691995,0.123099225
8/5/2015,QU39,QX955,5,0.060645058,0.053186433,0.224049613,0.197897457,0.046817748,0.02568148,0.570878406
8/12/2015,QU39,QX945,5,0.068091953,0.149547949,0.122136233,0.14557717,0.061965608,0.15438952,0.098780441
8/20/2015,QU39,QX914,5,0.04206332,0.181035961,0.225154613,0.318804522,0.119216802,0.145969403,0.549110472
8/25/2015,QU39,QX952,5,0.037951964,0.178196646,0.300221831,0.333905165,0.203198068,0.156254185,2.621399562
9/2/2015,QU39,QX932,5,0.092496733,0.095934808,0.278972924,0.359987333,0.145073369,0.094627199,0.890387088
9/9/2015,QU39,QX923,5,0.094898434,0.163655542,0.32345811,0.825645665,0.130673746,0.27676677,0.743032575
9/15/2015,QU39,QX943,5,0.047395462,0.084795684,0.269506375,0.249710634,0.075654029,0.130360877,0.285341506
9/22/2015,QU39,QX925,5,0.128782192,0.063821688,0.287652463,0.276234133,0.072441082,0.164767409,0.281377268
9/28/2015,QU39,QX920,5,0.102955104,0.036810852,0.175493379,0.174321304,0.056248837,0.116685386,0.289646278
10/6/2015,QU39,QX918,5,0.115353543,0.043039671,0.242569081,0.152569003,0.037537173,0.07040124,1.514219503
11/3/2015,QU39,QX1254,5,0.005605693,0.014718734,0.035649291,0.10212705,0.014453736,0.009272756,0.368980298
12/11/2015,QU39,QX1566,5,0.010385047,0.008479931,0.058739092,0.052323973,0.004703541,0.012519057,0.116159495
1/5/2016,QU39,QX1563,5,0.016215304,0.029143355,0.158721817,0.11531217,0.065065597,0.082351387,0.324300582
2/2/2016,QU39,QF1208,5,0.003497249,0.027713894,0.129471343,0.185248519,0.080679792,0.095019821,0.152538075
2/9/2016,QU39,QX1258,5,0.007152036,0.005730333,0.103395843,0.120164419,0.015893517,0.01327591,0.15250244
2/16/2016,QU39,QX1724,5,0.003743845,0.002957798,0.075665243,0.111997838,0.023374249,0.014169967,0.125078591
2/23/2016,QU39,QX1926,5,0.006170533,0.007889334,0.074880755,0.074445681,0.013818653,0.020452628,0.163069417
3/15/2016,QU39,QX1317,5,0.004019106,0.008209112,0.044573647,0.126478173,0.013045428,0.008835095,0.160760134
3/22/2016,QU39,QX1931,5,0.011388859,0.063402162,0.151172591,0.105348598,0.027686215,0.081037997,0.41504545
3/29/2016,QU39,QX1941,5,0.005949654,0.010250282,0.070077496,0.097172578,0.039956634,0.062026902,0.644398967
4/1/2016,QU39,,5,0,0,0,0,0,0,11.53
4/8/2016,QU39,QX1951,5,0.006568538,0.029673102,0.03451758,0.07265636,0.108135021,0.061426555,1.027549783
4/14/2016,QU39,QX1949,5,0.038856267,0.011722091,0.19815698,0.326843659,0.286865662,0.457180714,5.216062466
4/28/2016,QU39,QX1960,5,0,0.002919398,0.042271147,0.015745685,0.007132064,0.009402211,0.134977882
5/9/2016,QU39,QX1971,5,0.011458573,0,0.284582376,0.256258942,0.372166728,0.032421946,6.890841802
5/19/2016,QU39,QX1973,5,0.003722837,0.050857624,0.028230729,0.047378705,0.07112541,0.034871184,0.516410788
5/30/2016,QU39,QX2362,5,0.008109546,0.046946347,0.049110883,0.05004326,0.074981538,0.092934164,0.922742784
6/9/2016,QU39,QX2295,5,0.028039805,0.068207089,0.166077425,0.159431716,0.259500834,0.380949731,2.836395025
6/20/2016,QU39,QX2289,5,0.067789042,0.124278009,0.183549258,0.17912596,0.069180374,0.52700535,0.469185948
6/30/2016,QU39,QX2300,5,0.054634076,0.118841232,0.346757586,0.670924455,0.079378047,0.759123544,0.836435209
7/11/2016,QU39,QX2700,5,0.145038543,0.000244719,0.306681573,0.991936644,0.020732503,8.230460485,7.291745027
7/21/2016,QU39,QX2271,5,0.035214238,0.095930383,0.221725653,0.385371293,0.054014454,0.077847634,0.459924509
8/1/2016,QU39,QX2692,5,0.031723913,0.012918929,0.087782361,0.233079853,0.110872497,0.077250954,0.790984243
8/11/2016,QU39,QX2280,5,0.005150927,0.037347276,0.030775695,0.048951643,0,0.004241791,0.163881073
8/22/2016,QU39,QX3182,5,0,0,0,0,0,0,5.57
9/1/2016,QU39,QX3179,5,0.023435911,0.294960499,0.171942758,0.313465625,0.049667624,0.085013809,0.747452547
9/11/2016,QU39,QX3174,5,0.176478927,0.100100451,0.396159296,0.341913859,0.124604572,0.157556663,0.35916085
9/22/2016,QU39,QX2705,5,0.158764762,0.059895126,0.339662855,0.520524184,0.084263215,0.272706809,0.446804876
10/2/2016,QU39,QX2915,5,0.171160817,0.075494862,0.351835628,0.35587134,0.096470813,0.198720592,0.330764423
10/12/2016,QU39,QX2920,5,0.095219685,0.008660754,0.260809645,0.155236987,0.06860566,0.170432704,0.293646125
10/22/2016,QU39,QX2925,5,0.032920445,0.015218524,0.150307837,0.121773665,0.017133441,0.031299367,0.237257453
11/9/2016,QU39,QX2929,5,0.00939705,0.005503381,0.056149305,0.048749641,0.003231587,0.006184068,0.097129586
11/15/2016,QU39,QX2696,5,0.008840238,0.00678861,0.069332808,0.095498824,0.006504508,0.009505729,0.098710105
11/26/2016,QU39,QX2945,5,0.005343135,0.022128004,0.139798097,0.210992751,0.077915384,0.173985029,0.091624023
12/3/2016,QU39,QX2950,5,0.003127393,0.003348219,0.05670577,0.073352817,0.012187523,0.007459655,0.084789126
12/15/2016,QU39,QX3272,5,0.004044319,2.90E-05,0.051548526,0.038555114,0.003642851,0.004962086,0.054714411
1/8/2017,QU39,QX3277,5,0.002187864,3.40E-05,0.051361853,0.079904174,0.007595166,0.011742522,0.100668586
1/15/2017,QU39,QX3287,5,0.003649269,1.99E-05,0.055000856,0.080958563,0.009322017,0.013788849,0.089732217
2/17/2017,QU39,QX3282,5,0.001274479,0.002550835,0.046473474,0.06093308,0.0086933,0.011557968,0.103114532
2/25/2017,QU39,QX3452,5,0.00368173,0.040312019,0.123471634,0.105887824,0.072691416,0.179169953,0.085267048
3/15/2017,QU39,QX3465,5,0.006186636,0.006533923,0.043816105,0.288657919,0.125218149,0.053463509,1.478483617
3/30/2017,QU39,QX3572,5,0.003088324,0.011329813,0.011137943,0.103055246,0.009341259,0.012256751,1.085410794
4/7/2017,QU39,QX3587,5,0.011043569,0.006399349,0.02331439,0.221034219,0.002173889,0.021431895,2.803212365
4/11/2017,QU39,QX3592,5,0.002115045,0.000301952,0.018554862,0.05664116,0.011889268,0.008473565,0.331461166
4/20/2017,QU39,QX3597,5,0.034222653,0.003258143,0.176523176,0.279843017,0.005418059,0.033964135,6.512377898
4/24/2017,QU39,QX3607,5,0.012828462,0.003214349,0.070014705,0.14410649,0.195268564,0.105502032,4.23780934
5/2/2017,QU39,QX3613,5,0.006976136,0.016136033,0.007707957,0.073306272,0.021233562,0.053500698,0.895226012
5/8/2017,QU39,QX3618,5,0.004745617,0.025430164,0.017367373,0.09360285,0.052991511,0.152118482,0.18191424
5/17/2017,QU39,QX4085,5,0.002701579,0.007910622,0.110537985,0.075561528,0.026720497,0.009093252,0.253081039
5/29/2017,QU39,QX4091,5,0.045509269,0.007382539,0.832970063,0.480775798,0.029025444,0.016566255,0.561029037
6/5/2017,QU39,QX4096,5,0.00589175,0.031232143,0.01626855,0.122456281,0.101209506,0.109836505,0.430776527
6/12/2017,QU39,QX3470,5,0.008966736,0.030833151,0.149769165,0.489804188,0.01459432,0.033755721,0.317786664
6/19/2017,QU39,QX4184,5,0.014279967,0.044462187,0.162401033,0.322312713,0.105348463,0.009516296,1.412187576
6/29/2017,QU39,QX4112,5,0.104338637,0.028695881,0.513440818,0.353850499,0.057478976,0.083926998,0.781808197
7/7/2017,QU39,QX4191,5,0.180618157,0.028025499,0.140688316,0.244229794,0.016117086,0.062184807,0.156369448
7/11/2017,QU39,QX4205,5,0.055626157,0.068407154,0.177947613,0.468520855,0.163634074,0.572279135,0.205497806
7/17/2017,QU39,QX4211,5,0.089287081,0.09015287,0.241315253,0.273369734,0.020114506,0.112225854,0.208660441
7/24/2017,QU39,QX4218,5,0.09494617,0.058908929,0.25918513,0.261740076,0.025511366,0.041929827,0.318371882
8/4/2017,QU39,QX4230,5,0.18592192,0.188905458,0.237014515,0.463407616,0.053344452,0,0.311072901
8/8/2017,QU39,QX4561,5,0.147099587,0.04380882,0.30826741,0.372064809,0.041400369,0.006407439,0.261127566
8/15/2017,QU39,QX4215,5,0.031574796,0.144523006,0.221879117,0.235458766,0.081504051,0.075939054,0.594298939
8/21/2017,QU39,QX4571,5,0.102217597,0.057303052,0.389810781,0.724392762,0.058101786,0.01562733,0.3297842
8/29/2017,QU39,QX4569,5,0.144515147,0.074791546,0.491805116,0.514301146,0.034265853,0.067987066,0.587956607
9/5/2017,QU39,QX4590,5,0.028659342,0.045298942,0.070590859,0.13390514,0.064450893,0.08989836,0.872413327
9/12/2017,QU39,QX4597,5,0.066262264,0.024209734,0.367359787,0.30774798,0.013206695,0.015570881,0.330414722
9/18/2017,QU39,QX4600,5,0.065286137,0.127188555,0.272849753,0.285975739,0.068907494,0.346197267,1.315660457
9/26/2017,QU39,QX4603,5,0.076578512,0.185902901,0.173884695,0.391867151,0.094420186,0.33288688,0.766855468
10/3/2017,QU39,QX5013,5,0.022921627,0.070582064,0.068598272,0.147743354,0,0.004855418,0.250804901
10/11/2017,QU39,QX4583,5,0.009666049,0.019126959,0.025258864,0.141496529,0.004786502,0.151789409,3.564330975
10/20/2017,QU39,QX5018,5,0.013111066,0.02503647,0.063408728,0.089610927,0.010723449,0.025911661,0.565625985
10/24/2017,QU39,QX5024,5,0.010677557,0.008817888,0.068701228,0.08874563,0,0.012619085,0.107800697
10/31/2017,QU39,QX5132,5,0.022254169,0.037299585,0.248781619,0.197187866,0.010144257,0.014946824,0.313211968
11/8/2017,QU39,QX5137,5,0.01361775,0.014344858,0.115580967,0.10453764,0.035593952,0.033899675,0.192129927
11/16/2017,QU39,QX5142,5,0.006324648,0.01003104,0.040934151,0.060888814,0.015851798,0.016302172,0.161835772
11/20/2017,QU39,QX5148,5,0,0.007526473,0.020971041,0.043966725,0.008598198,0.012467025,0.102073897
11/27/2017,QU39,QX5160,5,0.001299027,0.006819541,0.032049572,0.07621198,0.008294012,0.001078296,0.127303331
12/6/2017,QU39,QX5166,5,0.002857234,0.008097423,0.049754657,0.098242277,0.008788117,0,0.132902515
12/11/2017,QU39,QX5174,5,0.00038672,0.008675367,0.096467604,0.086492377,0.004684507,0.008922216,0.135912937
1/9/2018,QU39,QX5153,5,0.002298274,0.011609165,0.069425385,0.075855132,0.011096293,0.006630078,0.107206497
1/31/2018,QU39,QX5624,5,0.003936348,0.013134746,0.082726983,0.149320749,0.017287442,0.00288689,0.171375521
2/13/2018,QU39,QX5665,5,0.012618726,0.015481025,0.106468043,0.163034121,0,0.01285554,0.145359402
2/27/2018,QU39,QX5677,5,0.01077152,0.02620798,0.101516857,0.128165832,0.023691388,0.012560127,0.262572495
3/6/2018,QU39,QX5683,5,0.007156327,0.113751207,0.077393434,0.174813869,0.033830651,0.013505998,0.343134845
3/13/2018,QU39,QX5689,5,0.026788619,0.230509169,0.167352806,0.311219553,0.07347083,0.035653104,0.416384558
3/20/2018,QU39,QX5846,5,0.017616808,0.022251237,0.051014402,0.355216871,0.084609327,0.092217578,7.328878005
3/27/2018,QU39,QX5851,5,0.002906213,0,0.04828599,0.036456054,0.144587795,0.167121641,2.930102984
4/12/2018,QU39,QX5857,5,0.00689883,0.005709181,0.087604245,0.127560561,0.322093415,0.275864771,6.717865427
4/17/2018,QU39,QX5867,5,0.010919926,0.017598088,0.000142237,0.034965169,0.02459876,0.014958714,0.399089356
4/24/2018,QU39,QX5872,5,0.039964438,0.178173028,0.023998647,0.161500536,0.170564219,1.77711463,1.13505127
5/2/2018,QU39,QX6220,5,0.0528061,0.038797514,0.150807274,0.294002712,0.084167688,0.153510749,0.629264255
5/8/2018,QU39,QX6225,5,0.032535519,0.036678207,0.012316746,0.032328851,0.030284337,0,0.301103358
5/15/2018,QU39,QX6235,5,0.027112096,0.104785601,0.274896363,0.506922613,0,0,1.507971883
5/22/2018,QU39,QX6241,5,0.022999068,0.054527911,0.183765928,0.253002673,0.197821138,0,0.360347261
5/29/2018,QU39,QX8202,5,0.090847469,0.028744327,0.431180889,0.797161569,0,0.038078514,0.356863886
6/5/2018,QU39,QX8207,5,0.318981655,0.162090782,0.448815897,0.239166826,0.012676494,0,4.992904743
6/11/2018,QU39,QX8213,5,0.144651927,0.032262037,0.237932441,0.220697917,0.011298427,0,0.359072283
6/18/2018,QU39,QX8219,5,0.241155642,0.081089981,0.856178045,0.732149869,0,0,0.629062593
6/26/2018,QU39,QX8224,5,0.521787763,0.123296577,0.702854594,0.454310581,0,0,0.604632735
7/11/2018,QU39,QX8230,5,0.63823386,0.050596414,0.225105854,0.109011264,0,0,0.081025299
7/16/2018,QU39,QX8236,5,0.221425489,0.044288027,0.327382083,0.43391565,0.040351699,0.2519057,0.091915563
7/23/2018,QU39,QX8243,5,0.115632822,0.027168935,0.269853416,0.097764338,0.011740156,0.244186513,0.03945759
7/31/2018,QU39,QX8248,5,0.007510974,0.149701583,0.009274401,0.041320356,0.000318267,0.001078178,0.169501965
8/9/2018,QU39,QX8253,5,0.098890543,0.083764573,0.26967785,0.113982468,0.000365778,0,0.099718145
8/14/2018,QU39,QX8260,5,0.328309998,0.061149629,0.852801373,0.490507985,0.000727055,0.206255337,0.135741076
8/21/2018,QU39,QX8265,5,0.146005596,0.064346898,0.42272682,0.359751319,0.000303923,0,0.148762623
8/29/2018,QU39,QX8271,5,0.040698943,0.048419934,0.219590798,0.535041293,0,0.136661946,7.165682395
9/4/2018,QU39,QX8276,5,0.011782489,0.005396766,0.052054067,0.121199307,0,3.265280485,0.159788885
9/13/2018,QU39,QX8282,5,0.133716017,0.027354763,0.276267121,0.372996137,0.000984458,0.281751988,0.111157925
9/18/2018,QU39,QX8288,5,0.118167279,0.035112203,0.264425615,0.521262368,0.000911603,0.482570966,0.067941703
9/25/2018,QU39,QX8293,5,0.061090401,0.046401413,0.26991039,0.326242228,1.31E-05,0.006665808,2.632133722
10/4/2018,QU39,QX8301,5,0.011377623,0.003712361,0.068634052,0.092380218,0.000115408,0,4.999051412
10/9/2018,QU39,QX8304,5,0.093225797,0.054428887,0.162975177,0.166188312,7.25E-05,0.031233891,0.371423855
10/16/2018,QU39,QX8310,5,0.020897474,0.003601461,0.168138588,0.151232352,6.72E-06,0,2.601763487
10/24/2018,QU39,QX8317,5,0.058099888,0.041615633,0.079503854,0.087101165,0.000765104,0.053196795,1.102495929
10/30/2018,QU39,QX8322,5,0.045310865,0.019598499,0.069187912,0.109295112,0.000274671,0.005955986,0.834951699
11/16/2018,QU39,QX8332,5,0.021836415,0.026019944,0.253969945,0.18023401,0.001304152,0.126229025,0.319986413
12/4/2018,QU39,QX8350,5,0.004678007,0.009960373,0.059453676,0.045373717,0.012592941,0.012974855,0.148360305
